,lens1,lens2,lens1_n_cubes,lens2_n_cubes,lens1_perc_overlap,lens2_perc_overlap,eps,n_vertices,n_connected_components
0,Neighbour_1,Neighbour_2,1,1,0.2,0.2,1.1000000000000003,1,1
1,Neighbour_1,Neighbour_2,1,1,0.2,0.2,1.3000000000000003,1,1
2,Neighbour_1,Neighbour_2,1,1,0.2,0.2,1.5000000000000004,1,1
3,Neighbour_1,Neighbour_2,1,1,0.2,0.2,1.7000000000000004,1,1
4,Neighbour_1,Neighbour_2,1,1,0.2,0.2,1.9000000000000004,1,1
5,Neighbour_1,Neighbour_2,1,1,0.2,0.30000000000000004,1.1000000000000003,1,1
6,Neighbour_1,Neighbour_2,1,1,0.2,0.30000000000000004,1.3000000000000003,1,1
7,Neighbour_1,Neighbour_2,1,1,0.2,0.30000000000000004,1.5000000000000004,1,1
8,Neighbour_1,Neighbour_2,1,1,0.2,0.30000000000000004,1.7000000000000004,1,1
9,Neighbour_1,Neighbour_2,1,1,0.2,0.30000000000000004,1.9000000000000004,1,1
10,Neighbour_1,Neighbour_2,1,1,0.2,0.4000000000000001,1.1000000000000003,1,1
11,Neighbour_1,Neighbour_2,1,1,0.2,0.4000000000000001,1.3000000000000003,1,1
12,Neighbour_1,Neighbour_2,1,1,0.2,0.4000000000000001,1.5000000000000004,1,1
13,Neighbour_1,Neighbour_2,1,1,0.2,0.4000000000000001,1.7000000000000004,1,1
14,Neighbour_1,Neighbour_2,1,1,0.2,0.4000000000000001,1.9000000000000004,1,1
15,Neighbour_1,Neighbour_2,1,1,0.2,0.5000000000000001,1.1000000000000003,1,1
16,Neighbour_1,Neighbour_2,1,1,0.2,0.5000000000000001,1.3000000000000003,1,1
17,Neighbour_1,Neighbour_2,1,1,0.2,0.5000000000000001,1.5000000000000004,1,1
18,Neighbour_1,Neighbour_2,1,1,0.2,0.5000000000000001,1.7000000000000004,1,1
19,Neighbour_1,Neighbour_2,1,1,0.2,0.5000000000000001,1.9000000000000004,1,1
20,Neighbour_1,Neighbour_2,1,1,0.2,0.6000000000000001,1.1000000000000003,1,1
21,Neighbour_1,Neighbour_2,1,1,0.2,0.6000000000000001,1.3000000000000003,1,1
22,Neighbour_1,Neighbour_2,1,1,0.2,0.6000000000000001,1.5000000000000004,1,1
23,Neighbour_1,Neighbour_2,1,1,0.2,0.6000000000000001,1.7000000000000004,1,1
24,Neighbour_1,Neighbour_2,1,1,0.2,0.6000000000000001,1.9000000000000004,1,1
25,Neighbour_1,Neighbour_2,1,1,0.2,0.7000000000000002,1.1000000000000003,1,1
26,Neighbour_1,Neighbour_2,1,1,0.2,0.7000000000000002,1.3000000000000003,1,1
27,Neighbour_1,Neighbour_2,1,1,0.2,0.7000000000000002,1.5000000000000004,1,1
28,Neighbour_1,Neighbour_2,1,1,0.2,0.7000000000000002,1.7000000000000004,1,1
29,Neighbour_1,Neighbour_2,1,1,0.2,0.7000000000000002,1.9000000000000004,1,1
30,Neighbour_1,Neighbour_2,1,1,0.2,0.8000000000000003,1.1000000000000003,1,1
31,Neighbour_1,Neighbour_2,1,1,0.2,0.8000000000000003,1.3000000000000003,1,1
32,Neighbour_1,Neighbour_2,1,1,0.2,0.8000000000000003,1.5000000000000004,1,1
33,Neighbour_1,Neighbour_2,1,1,0.2,0.8000000000000003,1.7000000000000004,1,1
34,Neighbour_1,Neighbour_2,1,1,0.2,0.8000000000000003,1.9000000000000004,1,1
35,Neighbour_1,Neighbour_2,1,1,0.30000000000000004,0.2,1.1000000000000003,1,1
36,Neighbour_1,Neighbour_2,1,1,0.30000000000000004,0.2,1.3000000000000003,1,1
37,Neighbour_1,Neighbour_2,1,1,0.30000000000000004,0.2,1.5000000000000004,1,1
38,Neighbour_1,Neighbour_2,1,1,0.30000000000000004,0.2,1.7000000000000004,1,1
39,Neighbour_1,Neighbour_2,1,1,0.30000000000000004,0.2,1.9000000000000004,1,1
40,Neighbour_1,Neighbour_2,1,1,0.30000000000000004,0.30000000000000004,1.1000000000000003,1,1
41,Neighbour_1,Neighbour_2,1,1,0.30000000000000004,0.30000000000000004,1.3000000000000003,1,1
42,Neighbour_1,Neighbour_2,1,1,0.30000000000000004,0.30000000000000004,1.5000000000000004,1,1
43,Neighbour_1,Neighbour_2,1,1,0.30000000000000004,0.30000000000000004,1.7000000000000004,1,1
44,Neighbour_1,Neighbour_2,1,1,0.30000000000000004,0.30000000000000004,1.9000000000000004,1,1
45,Neighbour_1,Neighbour_2,1,1,0.30000000000000004,0.4000000000000001,1.1000000000000003,1,1
46,Neighbour_1,Neighbour_2,1,1,0.30000000000000004,0.4000000000000001,1.3000000000000003,1,1
47,Neighbour_1,Neighbour_2,1,1,0.30000000000000004,0.4000000000000001,1.5000000000000004,1,1
48,Neighbour_1,Neighbour_2,1,1,0.30000000000000004,0.4000000000000001,1.7000000000000004,1,1
49,Neighbour_1,Neighbour_2,1,1,0.30000000000000004,0.4000000000000001,1.9000000000000004,1,1
50,Neighbour_1,Neighbour_2,1,1,0.30000000000000004,0.5000000000000001,1.1000000000000003,1,1
51,Neighbour_1,Neighbour_2,1,1,0.30000000000000004,0.5000000000000001,1.3000000000000003,1,1
52,Neighbour_1,Neighbour_2,1,1,0.30000000000000004,0.5000000000000001,1.5000000000000004,1,1
53,Neighbour_1,Neighbour_2,1,1,0.30000000000000004,0.5000000000000001,1.7000000000000004,1,1
54,Neighbour_1,Neighbour_2,1,1,0.30000000000000004,0.5000000000000001,1.9000000000000004,1,1
55,Neighbour_1,Neighbour_2,1,1,0.30000000000000004,0.6000000000000001,1.1000000000000003,1,1
56,Neighbour_1,Neighbour_2,1,1,0.30000000000000004,0.6000000000000001,1.3000000000000003,1,1
57,Neighbour_1,Neighbour_2,1,1,0.30000000000000004,0.6000000000000001,1.5000000000000004,1,1
58,Neighbour_1,Neighbour_2,1,1,0.30000000000000004,0.6000000000000001,1.7000000000000004,1,1
59,Neighbour_1,Neighbour_2,1,1,0.30000000000000004,0.6000000000000001,1.9000000000000004,1,1
60,Neighbour_1,Neighbour_2,1,1,0.30000000000000004,0.7000000000000002,1.1000000000000003,1,1
61,Neighbour_1,Neighbour_2,1,1,0.30000000000000004,0.7000000000000002,1.3000000000000003,1,1
62,Neighbour_1,Neighbour_2,1,1,0.30000000000000004,0.7000000000000002,1.5000000000000004,1,1
63,Neighbour_1,Neighbour_2,1,1,0.30000000000000004,0.7000000000000002,1.7000000000000004,1,1
64,Neighbour_1,Neighbour_2,1,1,0.30000000000000004,0.7000000000000002,1.9000000000000004,1,1
65,Neighbour_1,Neighbour_2,1,1,0.30000000000000004,0.8000000000000003,1.1000000000000003,1,1
66,Neighbour_1,Neighbour_2,1,1,0.30000000000000004,0.8000000000000003,1.3000000000000003,1,1
67,Neighbour_1,Neighbour_2,1,1,0.30000000000000004,0.8000000000000003,1.5000000000000004,1,1
68,Neighbour_1,Neighbour_2,1,1,0.30000000000000004,0.8000000000000003,1.7000000000000004,1,1
69,Neighbour_1,Neighbour_2,1,1,0.30000000000000004,0.8000000000000003,1.9000000000000004,1,1
70,Neighbour_1,Neighbour_2,1,1,0.4000000000000001,0.2,1.1000000000000003,1,1
71,Neighbour_1,Neighbour_2,1,1,0.4000000000000001,0.2,1.3000000000000003,1,1
72,Neighbour_1,Neighbour_2,1,1,0.4000000000000001,0.2,1.5000000000000004,1,1
73,Neighbour_1,Neighbour_2,1,1,0.4000000000000001,0.2,1.7000000000000004,1,1
74,Neighbour_1,Neighbour_2,1,1,0.4000000000000001,0.2,1.9000000000000004,1,1
75,Neighbour_1,Neighbour_2,1,1,0.4000000000000001,0.30000000000000004,1.1000000000000003,1,1
76,Neighbour_1,Neighbour_2,1,1,0.4000000000000001,0.30000000000000004,1.3000000000000003,1,1
77,Neighbour_1,Neighbour_2,1,1,0.4000000000000001,0.30000000000000004,1.5000000000000004,1,1
78,Neighbour_1,Neighbour_2,1,1,0.4000000000000001,0.30000000000000004,1.7000000000000004,1,1
79,Neighbour_1,Neighbour_2,1,1,0.4000000000000001,0.30000000000000004,1.9000000000000004,1,1
80,Neighbour_1,Neighbour_2,1,1,0.4000000000000001,0.4000000000000001,1.1000000000000003,1,1
81,Neighbour_1,Neighbour_2,1,1,0.4000000000000001,0.4000000000000001,1.3000000000000003,1,1
82,Neighbour_1,Neighbour_2,1,1,0.4000000000000001,0.4000000000000001,1.5000000000000004,1,1
83,Neighbour_1,Neighbour_2,1,1,0.4000000000000001,0.4000000000000001,1.7000000000000004,1,1
84,Neighbour_1,Neighbour_2,1,1,0.4000000000000001,0.4000000000000001,1.9000000000000004,1,1
85,Neighbour_1,Neighbour_2,1,1,0.4000000000000001,0.5000000000000001,1.1000000000000003,1,1
86,Neighbour_1,Neighbour_2,1,1,0.4000000000000001,0.5000000000000001,1.3000000000000003,1,1
87,Neighbour_1,Neighbour_2,1,1,0.4000000000000001,0.5000000000000001,1.5000000000000004,1,1
88,Neighbour_1,Neighbour_2,1,1,0.4000000000000001,0.5000000000000001,1.7000000000000004,1,1
89,Neighbour_1,Neighbour_2,1,1,0.4000000000000001,0.5000000000000001,1.9000000000000004,1,1
90,Neighbour_1,Neighbour_2,1,1,0.4000000000000001,0.6000000000000001,1.1000000000000003,1,1
91,Neighbour_1,Neighbour_2,1,1,0.4000000000000001,0.6000000000000001,1.3000000000000003,1,1
92,Neighbour_1,Neighbour_2,1,1,0.4000000000000001,0.6000000000000001,1.5000000000000004,1,1
93,Neighbour_1,Neighbour_2,1,1,0.4000000000000001,0.6000000000000001,1.7000000000000004,1,1
94,Neighbour_1,Neighbour_2,1,1,0.4000000000000001,0.6000000000000001,1.9000000000000004,1,1
95,Neighbour_1,Neighbour_2,1,1,0.4000000000000001,0.7000000000000002,1.1000000000000003,1,1
96,Neighbour_1,Neighbour_2,1,1,0.4000000000000001,0.7000000000000002,1.3000000000000003,1,1
97,Neighbour_1,Neighbour_2,1,1,0.4000000000000001,0.7000000000000002,1.5000000000000004,1,1
98,Neighbour_1,Neighbour_2,1,1,0.4000000000000001,0.7000000000000002,1.7000000000000004,1,1
99,Neighbour_1,Neighbour_2,1,1,0.4000000000000001,0.7000000000000002,1.9000000000000004,1,1
100,Neighbour_1,Neighbour_2,1,1,0.4000000000000001,0.8000000000000003,1.1000000000000003,1,1
101,Neighbour_1,Neighbour_2,1,1,0.4000000000000001,0.8000000000000003,1.3000000000000003,1,1
102,Neighbour_1,Neighbour_2,1,1,0.4000000000000001,0.8000000000000003,1.5000000000000004,1,1
103,Neighbour_1,Neighbour_2,1,1,0.4000000000000001,0.8000000000000003,1.7000000000000004,1,1
104,Neighbour_1,Neighbour_2,1,1,0.4000000000000001,0.8000000000000003,1.9000000000000004,1,1
105,Neighbour_1,Neighbour_2,1,1,0.5000000000000001,0.2,1.1000000000000003,1,1
106,Neighbour_1,Neighbour_2,1,1,0.5000000000000001,0.2,1.3000000000000003,1,1
107,Neighbour_1,Neighbour_2,1,1,0.5000000000000001,0.2,1.5000000000000004,1,1
108,Neighbour_1,Neighbour_2,1,1,0.5000000000000001,0.2,1.7000000000000004,1,1
109,Neighbour_1,Neighbour_2,1,1,0.5000000000000001,0.2,1.9000000000000004,1,1
110,Neighbour_1,Neighbour_2,1,1,0.5000000000000001,0.30000000000000004,1.1000000000000003,1,1
111,Neighbour_1,Neighbour_2,1,1,0.5000000000000001,0.30000000000000004,1.3000000000000003,1,1
112,Neighbour_1,Neighbour_2,1,1,0.5000000000000001,0.30000000000000004,1.5000000000000004,1,1
113,Neighbour_1,Neighbour_2,1,1,0.5000000000000001,0.30000000000000004,1.7000000000000004,1,1
114,Neighbour_1,Neighbour_2,1,1,0.5000000000000001,0.30000000000000004,1.9000000000000004,1,1
115,Neighbour_1,Neighbour_2,1,1,0.5000000000000001,0.4000000000000001,1.1000000000000003,1,1
116,Neighbour_1,Neighbour_2,1,1,0.5000000000000001,0.4000000000000001,1.3000000000000003,1,1
117,Neighbour_1,Neighbour_2,1,1,0.5000000000000001,0.4000000000000001,1.5000000000000004,1,1
118,Neighbour_1,Neighbour_2,1,1,0.5000000000000001,0.4000000000000001,1.7000000000000004,1,1
119,Neighbour_1,Neighbour_2,1,1,0.5000000000000001,0.4000000000000001,1.9000000000000004,1,1
120,Neighbour_1,Neighbour_2,1,1,0.5000000000000001,0.5000000000000001,1.1000000000000003,1,1
121,Neighbour_1,Neighbour_2,1,1,0.5000000000000001,0.5000000000000001,1.3000000000000003,1,1
122,Neighbour_1,Neighbour_2,1,1,0.5000000000000001,0.5000000000000001,1.5000000000000004,1,1
123,Neighbour_1,Neighbour_2,1,1,0.5000000000000001,0.5000000000000001,1.7000000000000004,1,1
124,Neighbour_1,Neighbour_2,1,1,0.5000000000000001,0.5000000000000001,1.9000000000000004,1,1
125,Neighbour_1,Neighbour_2,1,1,0.5000000000000001,0.6000000000000001,1.1000000000000003,1,1
126,Neighbour_1,Neighbour_2,1,1,0.5000000000000001,0.6000000000000001,1.3000000000000003,1,1
127,Neighbour_1,Neighbour_2,1,1,0.5000000000000001,0.6000000000000001,1.5000000000000004,1,1
128,Neighbour_1,Neighbour_2,1,1,0.5000000000000001,0.6000000000000001,1.7000000000000004,1,1
129,Neighbour_1,Neighbour_2,1,1,0.5000000000000001,0.6000000000000001,1.9000000000000004,1,1
130,Neighbour_1,Neighbour_2,1,1,0.5000000000000001,0.7000000000000002,1.1000000000000003,1,1
131,Neighbour_1,Neighbour_2,1,1,0.5000000000000001,0.7000000000000002,1.3000000000000003,1,1
132,Neighbour_1,Neighbour_2,1,1,0.5000000000000001,0.7000000000000002,1.5000000000000004,1,1
133,Neighbour_1,Neighbour_2,1,1,0.5000000000000001,0.7000000000000002,1.7000000000000004,1,1
134,Neighbour_1,Neighbour_2,1,1,0.5000000000000001,0.7000000000000002,1.9000000000000004,1,1
135,Neighbour_1,Neighbour_2,1,1,0.5000000000000001,0.8000000000000003,1.1000000000000003,1,1
136,Neighbour_1,Neighbour_2,1,1,0.5000000000000001,0.8000000000000003,1.3000000000000003,1,1
137,Neighbour_1,Neighbour_2,1,1,0.5000000000000001,0.8000000000000003,1.5000000000000004,1,1
138,Neighbour_1,Neighbour_2,1,1,0.5000000000000001,0.8000000000000003,1.7000000000000004,1,1
139,Neighbour_1,Neighbour_2,1,1,0.5000000000000001,0.8000000000000003,1.9000000000000004,1,1
140,Neighbour_1,Neighbour_2,1,1,0.6000000000000001,0.2,1.1000000000000003,1,1
141,Neighbour_1,Neighbour_2,1,1,0.6000000000000001,0.2,1.3000000000000003,1,1
142,Neighbour_1,Neighbour_2,1,1,0.6000000000000001,0.2,1.5000000000000004,1,1
143,Neighbour_1,Neighbour_2,1,1,0.6000000000000001,0.2,1.7000000000000004,1,1
144,Neighbour_1,Neighbour_2,1,1,0.6000000000000001,0.2,1.9000000000000004,1,1
145,Neighbour_1,Neighbour_2,1,1,0.6000000000000001,0.30000000000000004,1.1000000000000003,1,1
146,Neighbour_1,Neighbour_2,1,1,0.6000000000000001,0.30000000000000004,1.3000000000000003,1,1
147,Neighbour_1,Neighbour_2,1,1,0.6000000000000001,0.30000000000000004,1.5000000000000004,1,1
148,Neighbour_1,Neighbour_2,1,1,0.6000000000000001,0.30000000000000004,1.7000000000000004,1,1
149,Neighbour_1,Neighbour_2,1,1,0.6000000000000001,0.30000000000000004,1.9000000000000004,1,1
150,Neighbour_1,Neighbour_2,1,1,0.6000000000000001,0.4000000000000001,1.1000000000000003,1,1
151,Neighbour_1,Neighbour_2,1,1,0.6000000000000001,0.4000000000000001,1.3000000000000003,1,1
152,Neighbour_1,Neighbour_2,1,1,0.6000000000000001,0.4000000000000001,1.5000000000000004,1,1
153,Neighbour_1,Neighbour_2,1,1,0.6000000000000001,0.4000000000000001,1.7000000000000004,1,1
154,Neighbour_1,Neighbour_2,1,1,0.6000000000000001,0.4000000000000001,1.9000000000000004,1,1
155,Neighbour_1,Neighbour_2,1,1,0.6000000000000001,0.5000000000000001,1.1000000000000003,1,1
156,Neighbour_1,Neighbour_2,1,1,0.6000000000000001,0.5000000000000001,1.3000000000000003,1,1
157,Neighbour_1,Neighbour_2,1,1,0.6000000000000001,0.5000000000000001,1.5000000000000004,1,1
158,Neighbour_1,Neighbour_2,1,1,0.6000000000000001,0.5000000000000001,1.7000000000000004,1,1
159,Neighbour_1,Neighbour_2,1,1,0.6000000000000001,0.5000000000000001,1.9000000000000004,1,1
160,Neighbour_1,Neighbour_2,1,1,0.6000000000000001,0.6000000000000001,1.1000000000000003,1,1
161,Neighbour_1,Neighbour_2,1,1,0.6000000000000001,0.6000000000000001,1.3000000000000003,1,1
162,Neighbour_1,Neighbour_2,1,1,0.6000000000000001,0.6000000000000001,1.5000000000000004,1,1
163,Neighbour_1,Neighbour_2,1,1,0.6000000000000001,0.6000000000000001,1.7000000000000004,1,1
164,Neighbour_1,Neighbour_2,1,1,0.6000000000000001,0.6000000000000001,1.9000000000000004,1,1
165,Neighbour_1,Neighbour_2,1,1,0.6000000000000001,0.7000000000000002,1.1000000000000003,1,1
166,Neighbour_1,Neighbour_2,1,1,0.6000000000000001,0.7000000000000002,1.3000000000000003,1,1
167,Neighbour_1,Neighbour_2,1,1,0.6000000000000001,0.7000000000000002,1.5000000000000004,1,1
168,Neighbour_1,Neighbour_2,1,1,0.6000000000000001,0.7000000000000002,1.7000000000000004,1,1
169,Neighbour_1,Neighbour_2,1,1,0.6000000000000001,0.7000000000000002,1.9000000000000004,1,1
170,Neighbour_1,Neighbour_2,1,1,0.6000000000000001,0.8000000000000003,1.1000000000000003,1,1
171,Neighbour_1,Neighbour_2,1,1,0.6000000000000001,0.8000000000000003,1.3000000000000003,1,1
172,Neighbour_1,Neighbour_2,1,1,0.6000000000000001,0.8000000000000003,1.5000000000000004,1,1
173,Neighbour_1,Neighbour_2,1,1,0.6000000000000001,0.8000000000000003,1.7000000000000004,1,1
174,Neighbour_1,Neighbour_2,1,1,0.6000000000000001,0.8000000000000003,1.9000000000000004,1,1
175,Neighbour_1,Neighbour_2,1,1,0.7000000000000002,0.2,1.1000000000000003,1,1
176,Neighbour_1,Neighbour_2,1,1,0.7000000000000002,0.2,1.3000000000000003,1,1
177,Neighbour_1,Neighbour_2,1,1,0.7000000000000002,0.2,1.5000000000000004,1,1
178,Neighbour_1,Neighbour_2,1,1,0.7000000000000002,0.2,1.7000000000000004,1,1
179,Neighbour_1,Neighbour_2,1,1,0.7000000000000002,0.2,1.9000000000000004,1,1
180,Neighbour_1,Neighbour_2,1,1,0.7000000000000002,0.30000000000000004,1.1000000000000003,1,1
181,Neighbour_1,Neighbour_2,1,1,0.7000000000000002,0.30000000000000004,1.3000000000000003,1,1
182,Neighbour_1,Neighbour_2,1,1,0.7000000000000002,0.30000000000000004,1.5000000000000004,1,1
183,Neighbour_1,Neighbour_2,1,1,0.7000000000000002,0.30000000000000004,1.7000000000000004,1,1
184,Neighbour_1,Neighbour_2,1,1,0.7000000000000002,0.30000000000000004,1.9000000000000004,1,1
185,Neighbour_1,Neighbour_2,1,1,0.7000000000000002,0.4000000000000001,1.1000000000000003,1,1
186,Neighbour_1,Neighbour_2,1,1,0.7000000000000002,0.4000000000000001,1.3000000000000003,1,1
187,Neighbour_1,Neighbour_2,1,1,0.7000000000000002,0.4000000000000001,1.5000000000000004,1,1
188,Neighbour_1,Neighbour_2,1,1,0.7000000000000002,0.4000000000000001,1.7000000000000004,1,1
189,Neighbour_1,Neighbour_2,1,1,0.7000000000000002,0.4000000000000001,1.9000000000000004,1,1
190,Neighbour_1,Neighbour_2,1,1,0.7000000000000002,0.5000000000000001,1.1000000000000003,1,1
191,Neighbour_1,Neighbour_2,1,1,0.7000000000000002,0.5000000000000001,1.3000000000000003,1,1
192,Neighbour_1,Neighbour_2,1,1,0.7000000000000002,0.5000000000000001,1.5000000000000004,1,1
193,Neighbour_1,Neighbour_2,1,1,0.7000000000000002,0.5000000000000001,1.7000000000000004,1,1
194,Neighbour_1,Neighbour_2,1,1,0.7000000000000002,0.5000000000000001,1.9000000000000004,1,1
195,Neighbour_1,Neighbour_2,1,1,0.7000000000000002,0.6000000000000001,1.1000000000000003,1,1
196,Neighbour_1,Neighbour_2,1,1,0.7000000000000002,0.6000000000000001,1.3000000000000003,1,1
197,Neighbour_1,Neighbour_2,1,1,0.7000000000000002,0.6000000000000001,1.5000000000000004,1,1
198,Neighbour_1,Neighbour_2,1,1,0.7000000000000002,0.6000000000000001,1.7000000000000004,1,1
199,Neighbour_1,Neighbour_2,1,1,0.7000000000000002,0.6000000000000001,1.9000000000000004,1,1
200,Neighbour_1,Neighbour_2,1,1,0.7000000000000002,0.7000000000000002,1.1000000000000003,1,1
201,Neighbour_1,Neighbour_2,1,1,0.7000000000000002,0.7000000000000002,1.3000000000000003,1,1
202,Neighbour_1,Neighbour_2,1,1,0.7000000000000002,0.7000000000000002,1.5000000000000004,1,1
203,Neighbour_1,Neighbour_2,1,1,0.7000000000000002,0.7000000000000002,1.7000000000000004,1,1
204,Neighbour_1,Neighbour_2,1,1,0.7000000000000002,0.7000000000000002,1.9000000000000004,1,1
205,Neighbour_1,Neighbour_2,1,1,0.7000000000000002,0.8000000000000003,1.1000000000000003,1,1
206,Neighbour_1,Neighbour_2,1,1,0.7000000000000002,0.8000000000000003,1.3000000000000003,1,1
207,Neighbour_1,Neighbour_2,1,1,0.7000000000000002,0.8000000000000003,1.5000000000000004,1,1
208,Neighbour_1,Neighbour_2,1,1,0.7000000000000002,0.8000000000000003,1.7000000000000004,1,1
209,Neighbour_1,Neighbour_2,1,1,0.7000000000000002,0.8000000000000003,1.9000000000000004,1,1
210,Neighbour_1,Neighbour_2,1,1,0.8000000000000003,0.2,1.1000000000000003,1,1
211,Neighbour_1,Neighbour_2,1,1,0.8000000000000003,0.2,1.3000000000000003,1,1
212,Neighbour_1,Neighbour_2,1,1,0.8000000000000003,0.2,1.5000000000000004,1,1
213,Neighbour_1,Neighbour_2,1,1,0.8000000000000003,0.2,1.7000000000000004,1,1
214,Neighbour_1,Neighbour_2,1,1,0.8000000000000003,0.2,1.9000000000000004,1,1
215,Neighbour_1,Neighbour_2,1,1,0.8000000000000003,0.30000000000000004,1.1000000000000003,1,1
216,Neighbour_1,Neighbour_2,1,1,0.8000000000000003,0.30000000000000004,1.3000000000000003,1,1
217,Neighbour_1,Neighbour_2,1,1,0.8000000000000003,0.30000000000000004,1.5000000000000004,1,1
218,Neighbour_1,Neighbour_2,1,1,0.8000000000000003,0.30000000000000004,1.7000000000000004,1,1
219,Neighbour_1,Neighbour_2,1,1,0.8000000000000003,0.30000000000000004,1.9000000000000004,1,1
220,Neighbour_1,Neighbour_2,1,1,0.8000000000000003,0.4000000000000001,1.1000000000000003,1,1
221,Neighbour_1,Neighbour_2,1,1,0.8000000000000003,0.4000000000000001,1.3000000000000003,1,1
222,Neighbour_1,Neighbour_2,1,1,0.8000000000000003,0.4000000000000001,1.5000000000000004,1,1
223,Neighbour_1,Neighbour_2,1,1,0.8000000000000003,0.4000000000000001,1.7000000000000004,1,1
224,Neighbour_1,Neighbour_2,1,1,0.8000000000000003,0.4000000000000001,1.9000000000000004,1,1
225,Neighbour_1,Neighbour_2,1,1,0.8000000000000003,0.5000000000000001,1.1000000000000003,1,1
226,Neighbour_1,Neighbour_2,1,1,0.8000000000000003,0.5000000000000001,1.3000000000000003,1,1
227,Neighbour_1,Neighbour_2,1,1,0.8000000000000003,0.5000000000000001,1.5000000000000004,1,1
228,Neighbour_1,Neighbour_2,1,1,0.8000000000000003,0.5000000000000001,1.7000000000000004,1,1
229,Neighbour_1,Neighbour_2,1,1,0.8000000000000003,0.5000000000000001,1.9000000000000004,1,1
230,Neighbour_1,Neighbour_2,1,1,0.8000000000000003,0.6000000000000001,1.1000000000000003,1,1
231,Neighbour_1,Neighbour_2,1,1,0.8000000000000003,0.6000000000000001,1.3000000000000003,1,1
232,Neighbour_1,Neighbour_2,1,1,0.8000000000000003,0.6000000000000001,1.5000000000000004,1,1
233,Neighbour_1,Neighbour_2,1,1,0.8000000000000003,0.6000000000000001,1.7000000000000004,1,1
234,Neighbour_1,Neighbour_2,1,1,0.8000000000000003,0.6000000000000001,1.9000000000000004,1,1
235,Neighbour_1,Neighbour_2,1,1,0.8000000000000003,0.7000000000000002,1.1000000000000003,1,1
236,Neighbour_1,Neighbour_2,1,1,0.8000000000000003,0.7000000000000002,1.3000000000000003,1,1
237,Neighbour_1,Neighbour_2,1,1,0.8000000000000003,0.7000000000000002,1.5000000000000004,1,1
238,Neighbour_1,Neighbour_2,1,1,0.8000000000000003,0.7000000000000002,1.7000000000000004,1,1
239,Neighbour_1,Neighbour_2,1,1,0.8000000000000003,0.7000000000000002,1.9000000000000004,1,1
240,Neighbour_1,Neighbour_2,1,1,0.8000000000000003,0.8000000000000003,1.1000000000000003,1,1
241,Neighbour_1,Neighbour_2,1,1,0.8000000000000003,0.8000000000000003,1.3000000000000003,1,1
242,Neighbour_1,Neighbour_2,1,1,0.8000000000000003,0.8000000000000003,1.5000000000000004,1,1
243,Neighbour_1,Neighbour_2,1,1,0.8000000000000003,0.8000000000000003,1.7000000000000004,1,1
244,Neighbour_1,Neighbour_2,1,1,0.8000000000000003,0.8000000000000003,1.9000000000000004,1,1
245,Neighbour_1,Neighbour_2,1,3,0.2,0.7000000000000002,1.1000000000000003,4,1
246,Neighbour_1,Neighbour_2,1,3,0.2,0.7000000000000002,1.3000000000000003,3,1
247,Neighbour_1,Neighbour_2,1,3,0.2,0.7000000000000002,1.5000000000000004,3,1
248,Neighbour_1,Neighbour_2,1,3,0.2,0.7000000000000002,1.7000000000000004,3,1
249,Neighbour_1,Neighbour_2,1,3,0.2,0.7000000000000002,1.9000000000000004,3,1
250,Neighbour_1,Neighbour_2,1,3,0.2,0.8000000000000003,1.1000000000000003,3,1
251,Neighbour_1,Neighbour_2,1,3,0.2,0.8000000000000003,1.3000000000000003,3,1
252,Neighbour_1,Neighbour_2,1,3,0.2,0.8000000000000003,1.5000000000000004,3,1
253,Neighbour_1,Neighbour_2,1,3,0.2,0.8000000000000003,1.7000000000000004,3,1
254,Neighbour_1,Neighbour_2,1,3,0.2,0.8000000000000003,1.9000000000000004,3,1
255,Neighbour_1,Neighbour_2,1,3,0.30000000000000004,0.7000000000000002,1.1000000000000003,4,1
256,Neighbour_1,Neighbour_2,1,3,0.30000000000000004,0.7000000000000002,1.3000000000000003,3,1
257,Neighbour_1,Neighbour_2,1,3,0.30000000000000004,0.7000000000000002,1.5000000000000004,3,1
258,Neighbour_1,Neighbour_2,1,3,0.30000000000000004,0.7000000000000002,1.7000000000000004,3,1
259,Neighbour_1,Neighbour_2,1,3,0.30000000000000004,0.7000000000000002,1.9000000000000004,3,1
260,Neighbour_1,Neighbour_2,1,3,0.30000000000000004,0.8000000000000003,1.1000000000000003,3,1
261,Neighbour_1,Neighbour_2,1,3,0.30000000000000004,0.8000000000000003,1.3000000000000003,3,1
262,Neighbour_1,Neighbour_2,1,3,0.30000000000000004,0.8000000000000003,1.5000000000000004,3,1
263,Neighbour_1,Neighbour_2,1,3,0.30000000000000004,0.8000000000000003,1.7000000000000004,3,1
264,Neighbour_1,Neighbour_2,1,3,0.30000000000000004,0.8000000000000003,1.9000000000000004,3,1
265,Neighbour_1,Neighbour_2,1,3,0.4000000000000001,0.7000000000000002,1.1000000000000003,4,1
266,Neighbour_1,Neighbour_2,1,3,0.4000000000000001,0.7000000000000002,1.3000000000000003,3,1
267,Neighbour_1,Neighbour_2,1,3,0.4000000000000001,0.7000000000000002,1.5000000000000004,3,1
268,Neighbour_1,Neighbour_2,1,3,0.4000000000000001,0.7000000000000002,1.7000000000000004,3,1
269,Neighbour_1,Neighbour_2,1,3,0.4000000000000001,0.7000000000000002,1.9000000000000004,3,1
270,Neighbour_1,Neighbour_2,1,3,0.4000000000000001,0.8000000000000003,1.1000000000000003,3,1
271,Neighbour_1,Neighbour_2,1,3,0.4000000000000001,0.8000000000000003,1.3000000000000003,3,1
272,Neighbour_1,Neighbour_2,1,3,0.4000000000000001,0.8000000000000003,1.5000000000000004,3,1
273,Neighbour_1,Neighbour_2,1,3,0.4000000000000001,0.8000000000000003,1.7000000000000004,3,1
274,Neighbour_1,Neighbour_2,1,3,0.4000000000000001,0.8000000000000003,1.9000000000000004,3,1
275,Neighbour_1,Neighbour_2,1,3,0.5000000000000001,0.7000000000000002,1.1000000000000003,4,1
276,Neighbour_1,Neighbour_2,1,3,0.5000000000000001,0.7000000000000002,1.3000000000000003,3,1
277,Neighbour_1,Neighbour_2,1,3,0.5000000000000001,0.7000000000000002,1.5000000000000004,3,1
278,Neighbour_1,Neighbour_2,1,3,0.5000000000000001,0.7000000000000002,1.7000000000000004,3,1
279,Neighbour_1,Neighbour_2,1,3,0.5000000000000001,0.7000000000000002,1.9000000000000004,3,1
280,Neighbour_1,Neighbour_2,1,3,0.5000000000000001,0.8000000000000003,1.1000000000000003,3,1
281,Neighbour_1,Neighbour_2,1,3,0.5000000000000001,0.8000000000000003,1.3000000000000003,3,1
282,Neighbour_1,Neighbour_2,1,3,0.5000000000000001,0.8000000000000003,1.5000000000000004,3,1
283,Neighbour_1,Neighbour_2,1,3,0.5000000000000001,0.8000000000000003,1.7000000000000004,3,1
284,Neighbour_1,Neighbour_2,1,3,0.5000000000000001,0.8000000000000003,1.9000000000000004,3,1
285,Neighbour_1,Neighbour_2,1,3,0.6000000000000001,0.7000000000000002,1.1000000000000003,4,1
286,Neighbour_1,Neighbour_2,1,3,0.6000000000000001,0.7000000000000002,1.3000000000000003,3,1
287,Neighbour_1,Neighbour_2,1,3,0.6000000000000001,0.7000000000000002,1.5000000000000004,3,1
288,Neighbour_1,Neighbour_2,1,3,0.6000000000000001,0.7000000000000002,1.7000000000000004,3,1
289,Neighbour_1,Neighbour_2,1,3,0.6000000000000001,0.7000000000000002,1.9000000000000004,3,1
290,Neighbour_1,Neighbour_2,1,3,0.6000000000000001,0.8000000000000003,1.1000000000000003,3,1
291,Neighbour_1,Neighbour_2,1,3,0.6000000000000001,0.8000000000000003,1.3000000000000003,3,1
292,Neighbour_1,Neighbour_2,1,3,0.6000000000000001,0.8000000000000003,1.5000000000000004,3,1
293,Neighbour_1,Neighbour_2,1,3,0.6000000000000001,0.8000000000000003,1.7000000000000004,3,1
294,Neighbour_1,Neighbour_2,1,3,0.6000000000000001,0.8000000000000003,1.9000000000000004,3,1
295,Neighbour_1,Neighbour_2,1,3,0.7000000000000002,0.7000000000000002,1.1000000000000003,4,1
296,Neighbour_1,Neighbour_2,1,3,0.7000000000000002,0.7000000000000002,1.3000000000000003,3,1
297,Neighbour_1,Neighbour_2,1,3,0.7000000000000002,0.7000000000000002,1.5000000000000004,3,1
298,Neighbour_1,Neighbour_2,1,3,0.7000000000000002,0.7000000000000002,1.7000000000000004,3,1
299,Neighbour_1,Neighbour_2,1,3,0.7000000000000002,0.7000000000000002,1.9000000000000004,3,1
300,Neighbour_1,Neighbour_2,1,3,0.7000000000000002,0.8000000000000003,1.1000000000000003,3,1
301,Neighbour_1,Neighbour_2,1,3,0.7000000000000002,0.8000000000000003,1.3000000000000003,3,1
302,Neighbour_1,Neighbour_2,1,3,0.7000000000000002,0.8000000000000003,1.5000000000000004,3,1
303,Neighbour_1,Neighbour_2,1,3,0.7000000000000002,0.8000000000000003,1.7000000000000004,3,1
304,Neighbour_1,Neighbour_2,1,3,0.7000000000000002,0.8000000000000003,1.9000000000000004,3,1
305,Neighbour_1,Neighbour_2,1,3,0.8000000000000003,0.7000000000000002,1.1000000000000003,4,1
306,Neighbour_1,Neighbour_2,1,3,0.8000000000000003,0.7000000000000002,1.3000000000000003,3,1
307,Neighbour_1,Neighbour_2,1,3,0.8000000000000003,0.7000000000000002,1.5000000000000004,3,1
308,Neighbour_1,Neighbour_2,1,3,0.8000000000000003,0.7000000000000002,1.7000000000000004,3,1
309,Neighbour_1,Neighbour_2,1,3,0.8000000000000003,0.7000000000000002,1.9000000000000004,3,1
310,Neighbour_1,Neighbour_2,1,3,0.8000000000000003,0.8000000000000003,1.1000000000000003,3,1
311,Neighbour_1,Neighbour_2,1,3,0.8000000000000003,0.8000000000000003,1.3000000000000003,3,1
312,Neighbour_1,Neighbour_2,1,3,0.8000000000000003,0.8000000000000003,1.5000000000000004,3,1
313,Neighbour_1,Neighbour_2,1,3,0.8000000000000003,0.8000000000000003,1.7000000000000004,3,1
314,Neighbour_1,Neighbour_2,1,3,0.8000000000000003,0.8000000000000003,1.9000000000000004,3,1
315,Neighbour_1,Neighbour_2,1,5,0.2,0.7000000000000002,1.3000000000000003,5,1
316,Neighbour_1,Neighbour_2,1,5,0.2,0.7000000000000002,1.5000000000000004,5,1
317,Neighbour_1,Neighbour_2,1,5,0.2,0.7000000000000002,1.7000000000000004,5,1
318,Neighbour_1,Neighbour_2,1,5,0.2,0.7000000000000002,1.9000000000000004,5,1
319,Neighbour_1,Neighbour_2,1,5,0.2,0.8000000000000003,1.1000000000000003,6,1
320,Neighbour_1,Neighbour_2,1,5,0.2,0.8000000000000003,1.3000000000000003,5,1
321,Neighbour_1,Neighbour_2,1,5,0.2,0.8000000000000003,1.5000000000000004,5,1
322,Neighbour_1,Neighbour_2,1,5,0.2,0.8000000000000003,1.7000000000000004,5,1
323,Neighbour_1,Neighbour_2,1,5,0.2,0.8000000000000003,1.9000000000000004,5,1
324,Neighbour_1,Neighbour_2,1,5,0.30000000000000004,0.7000000000000002,1.3000000000000003,5,1
325,Neighbour_1,Neighbour_2,1,5,0.30000000000000004,0.7000000000000002,1.5000000000000004,5,1
326,Neighbour_1,Neighbour_2,1,5,0.30000000000000004,0.7000000000000002,1.7000000000000004,5,1
327,Neighbour_1,Neighbour_2,1,5,0.30000000000000004,0.7000000000000002,1.9000000000000004,5,1
328,Neighbour_1,Neighbour_2,1,5,0.30000000000000004,0.8000000000000003,1.1000000000000003,6,1
329,Neighbour_1,Neighbour_2,1,5,0.30000000000000004,0.8000000000000003,1.3000000000000003,5,1
330,Neighbour_1,Neighbour_2,1,5,0.30000000000000004,0.8000000000000003,1.5000000000000004,5,1
331,Neighbour_1,Neighbour_2,1,5,0.30000000000000004,0.8000000000000003,1.7000000000000004,5,1
332,Neighbour_1,Neighbour_2,1,5,0.30000000000000004,0.8000000000000003,1.9000000000000004,5,1
333,Neighbour_1,Neighbour_2,1,5,0.4000000000000001,0.7000000000000002,1.3000000000000003,5,1
334,Neighbour_1,Neighbour_2,1,5,0.4000000000000001,0.7000000000000002,1.5000000000000004,5,1
335,Neighbour_1,Neighbour_2,1,5,0.4000000000000001,0.7000000000000002,1.7000000000000004,5,1
336,Neighbour_1,Neighbour_2,1,5,0.4000000000000001,0.7000000000000002,1.9000000000000004,5,1
337,Neighbour_1,Neighbour_2,1,5,0.4000000000000001,0.8000000000000003,1.1000000000000003,6,1
338,Neighbour_1,Neighbour_2,1,5,0.4000000000000001,0.8000000000000003,1.3000000000000003,5,1
339,Neighbour_1,Neighbour_2,1,5,0.4000000000000001,0.8000000000000003,1.5000000000000004,5,1
340,Neighbour_1,Neighbour_2,1,5,0.4000000000000001,0.8000000000000003,1.7000000000000004,5,1
341,Neighbour_1,Neighbour_2,1,5,0.4000000000000001,0.8000000000000003,1.9000000000000004,5,1
342,Neighbour_1,Neighbour_2,1,5,0.5000000000000001,0.7000000000000002,1.3000000000000003,5,1
343,Neighbour_1,Neighbour_2,1,5,0.5000000000000001,0.7000000000000002,1.5000000000000004,5,1
344,Neighbour_1,Neighbour_2,1,5,0.5000000000000001,0.7000000000000002,1.7000000000000004,5,1
345,Neighbour_1,Neighbour_2,1,5,0.5000000000000001,0.7000000000000002,1.9000000000000004,5,1
346,Neighbour_1,Neighbour_2,1,5,0.5000000000000001,0.8000000000000003,1.1000000000000003,6,1
347,Neighbour_1,Neighbour_2,1,5,0.5000000000000001,0.8000000000000003,1.3000000000000003,5,1
348,Neighbour_1,Neighbour_2,1,5,0.5000000000000001,0.8000000000000003,1.5000000000000004,5,1
349,Neighbour_1,Neighbour_2,1,5,0.5000000000000001,0.8000000000000003,1.7000000000000004,5,1
350,Neighbour_1,Neighbour_2,1,5,0.5000000000000001,0.8000000000000003,1.9000000000000004,5,1
351,Neighbour_1,Neighbour_2,1,5,0.6000000000000001,0.7000000000000002,1.3000000000000003,5,1
352,Neighbour_1,Neighbour_2,1,5,0.6000000000000001,0.7000000000000002,1.5000000000000004,5,1
353,Neighbour_1,Neighbour_2,1,5,0.6000000000000001,0.7000000000000002,1.7000000000000004,5,1
354,Neighbour_1,Neighbour_2,1,5,0.6000000000000001,0.7000000000000002,1.9000000000000004,5,1
355,Neighbour_1,Neighbour_2,1,5,0.6000000000000001,0.8000000000000003,1.1000000000000003,6,1
356,Neighbour_1,Neighbour_2,1,5,0.6000000000000001,0.8000000000000003,1.3000000000000003,5,1
357,Neighbour_1,Neighbour_2,1,5,0.6000000000000001,0.8000000000000003,1.5000000000000004,5,1
358,Neighbour_1,Neighbour_2,1,5,0.6000000000000001,0.8000000000000003,1.7000000000000004,5,1
359,Neighbour_1,Neighbour_2,1,5,0.6000000000000001,0.8000000000000003,1.9000000000000004,5,1
360,Neighbour_1,Neighbour_2,1,5,0.7000000000000002,0.7000000000000002,1.3000000000000003,5,1
361,Neighbour_1,Neighbour_2,1,5,0.7000000000000002,0.7000000000000002,1.5000000000000004,5,1
362,Neighbour_1,Neighbour_2,1,5,0.7000000000000002,0.7000000000000002,1.7000000000000004,5,1
363,Neighbour_1,Neighbour_2,1,5,0.7000000000000002,0.7000000000000002,1.9000000000000004,5,1
364,Neighbour_1,Neighbour_2,1,5,0.7000000000000002,0.8000000000000003,1.1000000000000003,6,1
365,Neighbour_1,Neighbour_2,1,5,0.7000000000000002,0.8000000000000003,1.3000000000000003,5,1
366,Neighbour_1,Neighbour_2,1,5,0.7000000000000002,0.8000000000000003,1.5000000000000004,5,1
367,Neighbour_1,Neighbour_2,1,5,0.7000000000000002,0.8000000000000003,1.7000000000000004,5,1
368,Neighbour_1,Neighbour_2,1,5,0.7000000000000002,0.8000000000000003,1.9000000000000004,5,1
369,Neighbour_1,Neighbour_2,1,5,0.8000000000000003,0.7000000000000002,1.3000000000000003,5,1
370,Neighbour_1,Neighbour_2,1,5,0.8000000000000003,0.7000000000000002,1.5000000000000004,5,1
371,Neighbour_1,Neighbour_2,1,5,0.8000000000000003,0.7000000000000002,1.7000000000000004,5,1
372,Neighbour_1,Neighbour_2,1,5,0.8000000000000003,0.7000000000000002,1.9000000000000004,5,1
373,Neighbour_1,Neighbour_2,1,5,0.8000000000000003,0.8000000000000003,1.1000000000000003,6,1
374,Neighbour_1,Neighbour_2,1,5,0.8000000000000003,0.8000000000000003,1.3000000000000003,5,1
375,Neighbour_1,Neighbour_2,1,5,0.8000000000000003,0.8000000000000003,1.5000000000000004,5,1
376,Neighbour_1,Neighbour_2,1,5,0.8000000000000003,0.8000000000000003,1.7000000000000004,5,1
377,Neighbour_1,Neighbour_2,1,5,0.8000000000000003,0.8000000000000003,1.9000000000000004,5,1
378,Neighbour_1,Neighbour_2,1,7,0.2,0.8000000000000003,1.3000000000000003,7,1
379,Neighbour_1,Neighbour_2,1,7,0.2,0.8000000000000003,1.5000000000000004,7,1
380,Neighbour_1,Neighbour_2,1,7,0.2,0.8000000000000003,1.7000000000000004,7,1
381,Neighbour_1,Neighbour_2,1,7,0.2,0.8000000000000003,1.9000000000000004,7,1
382,Neighbour_1,Neighbour_2,1,7,0.30000000000000004,0.8000000000000003,1.3000000000000003,7,1
383,Neighbour_1,Neighbour_2,1,7,0.30000000000000004,0.8000000000000003,1.5000000000000004,7,1
384,Neighbour_1,Neighbour_2,1,7,0.30000000000000004,0.8000000000000003,1.7000000000000004,7,1
385,Neighbour_1,Neighbour_2,1,7,0.30000000000000004,0.8000000000000003,1.9000000000000004,7,1
386,Neighbour_1,Neighbour_2,1,7,0.4000000000000001,0.8000000000000003,1.3000000000000003,7,1
387,Neighbour_1,Neighbour_2,1,7,0.4000000000000001,0.8000000000000003,1.5000000000000004,7,1
388,Neighbour_1,Neighbour_2,1,7,0.4000000000000001,0.8000000000000003,1.7000000000000004,7,1
389,Neighbour_1,Neighbour_2,1,7,0.4000000000000001,0.8000000000000003,1.9000000000000004,7,1
390,Neighbour_1,Neighbour_2,1,7,0.5000000000000001,0.8000000000000003,1.3000000000000003,7,1
391,Neighbour_1,Neighbour_2,1,7,0.5000000000000001,0.8000000000000003,1.5000000000000004,7,1
392,Neighbour_1,Neighbour_2,1,7,0.5000000000000001,0.8000000000000003,1.7000000000000004,7,1
393,Neighbour_1,Neighbour_2,1,7,0.5000000000000001,0.8000000000000003,1.9000000000000004,7,1
394,Neighbour_1,Neighbour_2,1,7,0.6000000000000001,0.8000000000000003,1.3000000000000003,7,1
395,Neighbour_1,Neighbour_2,1,7,0.6000000000000001,0.8000000000000003,1.5000000000000004,7,1
396,Neighbour_1,Neighbour_2,1,7,0.6000000000000001,0.8000000000000003,1.7000000000000004,7,1
397,Neighbour_1,Neighbour_2,1,7,0.6000000000000001,0.8000000000000003,1.9000000000000004,7,1
398,Neighbour_1,Neighbour_2,1,7,0.7000000000000002,0.8000000000000003,1.3000000000000003,7,1
399,Neighbour_1,Neighbour_2,1,7,0.7000000000000002,0.8000000000000003,1.5000000000000004,7,1
400,Neighbour_1,Neighbour_2,1,7,0.7000000000000002,0.8000000000000003,1.7000000000000004,7,1
401,Neighbour_1,Neighbour_2,1,7,0.7000000000000002,0.8000000000000003,1.9000000000000004,7,1
402,Neighbour_1,Neighbour_2,1,7,0.8000000000000003,0.8000000000000003,1.3000000000000003,7,1
403,Neighbour_1,Neighbour_2,1,7,0.8000000000000003,0.8000000000000003,1.5000000000000004,7,1
404,Neighbour_1,Neighbour_2,1,7,0.8000000000000003,0.8000000000000003,1.7000000000000004,7,1
405,Neighbour_1,Neighbour_2,1,7,0.8000000000000003,0.8000000000000003,1.9000000000000004,7,1
406,Neighbour_1,Neighbour_2,3,1,0.7000000000000002,0.2,1.1000000000000003,4,1
407,Neighbour_1,Neighbour_2,3,1,0.7000000000000002,0.2,1.3000000000000003,3,1
408,Neighbour_1,Neighbour_2,3,1,0.7000000000000002,0.2,1.5000000000000004,3,1
409,Neighbour_1,Neighbour_2,3,1,0.7000000000000002,0.2,1.7000000000000004,3,1
410,Neighbour_1,Neighbour_2,3,1,0.7000000000000002,0.2,1.9000000000000004,3,1
411,Neighbour_1,Neighbour_2,3,1,0.7000000000000002,0.30000000000000004,1.1000000000000003,4,1
412,Neighbour_1,Neighbour_2,3,1,0.7000000000000002,0.30000000000000004,1.3000000000000003,3,1
413,Neighbour_1,Neighbour_2,3,1,0.7000000000000002,0.30000000000000004,1.5000000000000004,3,1
414,Neighbour_1,Neighbour_2,3,1,0.7000000000000002,0.30000000000000004,1.7000000000000004,3,1
415,Neighbour_1,Neighbour_2,3,1,0.7000000000000002,0.30000000000000004,1.9000000000000004,3,1
416,Neighbour_1,Neighbour_2,3,1,0.7000000000000002,0.4000000000000001,1.1000000000000003,4,1
417,Neighbour_1,Neighbour_2,3,1,0.7000000000000002,0.4000000000000001,1.3000000000000003,3,1
418,Neighbour_1,Neighbour_2,3,1,0.7000000000000002,0.4000000000000001,1.5000000000000004,3,1
419,Neighbour_1,Neighbour_2,3,1,0.7000000000000002,0.4000000000000001,1.7000000000000004,3,1
420,Neighbour_1,Neighbour_2,3,1,0.7000000000000002,0.4000000000000001,1.9000000000000004,3,1
421,Neighbour_1,Neighbour_2,3,1,0.7000000000000002,0.5000000000000001,1.1000000000000003,4,1
422,Neighbour_1,Neighbour_2,3,1,0.7000000000000002,0.5000000000000001,1.3000000000000003,3,1
423,Neighbour_1,Neighbour_2,3,1,0.7000000000000002,0.5000000000000001,1.5000000000000004,3,1
424,Neighbour_1,Neighbour_2,3,1,0.7000000000000002,0.5000000000000001,1.7000000000000004,3,1
425,Neighbour_1,Neighbour_2,3,1,0.7000000000000002,0.5000000000000001,1.9000000000000004,3,1
426,Neighbour_1,Neighbour_2,3,1,0.7000000000000002,0.6000000000000001,1.1000000000000003,4,1
427,Neighbour_1,Neighbour_2,3,1,0.7000000000000002,0.6000000000000001,1.3000000000000003,3,1
428,Neighbour_1,Neighbour_2,3,1,0.7000000000000002,0.6000000000000001,1.5000000000000004,3,1
429,Neighbour_1,Neighbour_2,3,1,0.7000000000000002,0.6000000000000001,1.7000000000000004,3,1
430,Neighbour_1,Neighbour_2,3,1,0.7000000000000002,0.6000000000000001,1.9000000000000004,3,1
431,Neighbour_1,Neighbour_2,3,1,0.7000000000000002,0.7000000000000002,1.1000000000000003,4,1
432,Neighbour_1,Neighbour_2,3,1,0.7000000000000002,0.7000000000000002,1.3000000000000003,3,1
433,Neighbour_1,Neighbour_2,3,1,0.7000000000000002,0.7000000000000002,1.5000000000000004,3,1
434,Neighbour_1,Neighbour_2,3,1,0.7000000000000002,0.7000000000000002,1.7000000000000004,3,1
435,Neighbour_1,Neighbour_2,3,1,0.7000000000000002,0.7000000000000002,1.9000000000000004,3,1
436,Neighbour_1,Neighbour_2,3,1,0.7000000000000002,0.8000000000000003,1.1000000000000003,4,1
437,Neighbour_1,Neighbour_2,3,1,0.7000000000000002,0.8000000000000003,1.3000000000000003,3,1
438,Neighbour_1,Neighbour_2,3,1,0.7000000000000002,0.8000000000000003,1.5000000000000004,3,1
439,Neighbour_1,Neighbour_2,3,1,0.7000000000000002,0.8000000000000003,1.7000000000000004,3,1
440,Neighbour_1,Neighbour_2,3,1,0.7000000000000002,0.8000000000000003,1.9000000000000004,3,1
441,Neighbour_1,Neighbour_2,3,1,0.8000000000000003,0.2,1.1000000000000003,3,1
442,Neighbour_1,Neighbour_2,3,1,0.8000000000000003,0.2,1.3000000000000003,3,1
443,Neighbour_1,Neighbour_2,3,1,0.8000000000000003,0.2,1.5000000000000004,3,1
444,Neighbour_1,Neighbour_2,3,1,0.8000000000000003,0.2,1.7000000000000004,3,1
445,Neighbour_1,Neighbour_2,3,1,0.8000000000000003,0.2,1.9000000000000004,3,1
446,Neighbour_1,Neighbour_2,3,1,0.8000000000000003,0.30000000000000004,1.1000000000000003,3,1
447,Neighbour_1,Neighbour_2,3,1,0.8000000000000003,0.30000000000000004,1.3000000000000003,3,1
448,Neighbour_1,Neighbour_2,3,1,0.8000000000000003,0.30000000000000004,1.5000000000000004,3,1
449,Neighbour_1,Neighbour_2,3,1,0.8000000000000003,0.30000000000000004,1.7000000000000004,3,1
450,Neighbour_1,Neighbour_2,3,1,0.8000000000000003,0.30000000000000004,1.9000000000000004,3,1
451,Neighbour_1,Neighbour_2,3,1,0.8000000000000003,0.4000000000000001,1.1000000000000003,3,1
452,Neighbour_1,Neighbour_2,3,1,0.8000000000000003,0.4000000000000001,1.3000000000000003,3,1
453,Neighbour_1,Neighbour_2,3,1,0.8000000000000003,0.4000000000000001,1.5000000000000004,3,1
454,Neighbour_1,Neighbour_2,3,1,0.8000000000000003,0.4000000000000001,1.7000000000000004,3,1
455,Neighbour_1,Neighbour_2,3,1,0.8000000000000003,0.4000000000000001,1.9000000000000004,3,1
456,Neighbour_1,Neighbour_2,3,1,0.8000000000000003,0.5000000000000001,1.1000000000000003,3,1
457,Neighbour_1,Neighbour_2,3,1,0.8000000000000003,0.5000000000000001,1.3000000000000003,3,1
458,Neighbour_1,Neighbour_2,3,1,0.8000000000000003,0.5000000000000001,1.5000000000000004,3,1
459,Neighbour_1,Neighbour_2,3,1,0.8000000000000003,0.5000000000000001,1.7000000000000004,3,1
460,Neighbour_1,Neighbour_2,3,1,0.8000000000000003,0.5000000000000001,1.9000000000000004,3,1
461,Neighbour_1,Neighbour_2,3,1,0.8000000000000003,0.6000000000000001,1.1000000000000003,3,1
462,Neighbour_1,Neighbour_2,3,1,0.8000000000000003,0.6000000000000001,1.3000000000000003,3,1
463,Neighbour_1,Neighbour_2,3,1,0.8000000000000003,0.6000000000000001,1.5000000000000004,3,1
464,Neighbour_1,Neighbour_2,3,1,0.8000000000000003,0.6000000000000001,1.7000000000000004,3,1
465,Neighbour_1,Neighbour_2,3,1,0.8000000000000003,0.6000000000000001,1.9000000000000004,3,1
466,Neighbour_1,Neighbour_2,3,1,0.8000000000000003,0.7000000000000002,1.1000000000000003,3,1
467,Neighbour_1,Neighbour_2,3,1,0.8000000000000003,0.7000000000000002,1.3000000000000003,3,1
468,Neighbour_1,Neighbour_2,3,1,0.8000000000000003,0.7000000000000002,1.5000000000000004,3,1
469,Neighbour_1,Neighbour_2,3,1,0.8000000000000003,0.7000000000000002,1.7000000000000004,3,1
470,Neighbour_1,Neighbour_2,3,1,0.8000000000000003,0.7000000000000002,1.9000000000000004,3,1
471,Neighbour_1,Neighbour_2,3,1,0.8000000000000003,0.8000000000000003,1.1000000000000003,3,1
472,Neighbour_1,Neighbour_2,3,1,0.8000000000000003,0.8000000000000003,1.3000000000000003,3,1
473,Neighbour_1,Neighbour_2,3,1,0.8000000000000003,0.8000000000000003,1.5000000000000004,3,1
474,Neighbour_1,Neighbour_2,3,1,0.8000000000000003,0.8000000000000003,1.7000000000000004,3,1
475,Neighbour_1,Neighbour_2,3,1,0.8000000000000003,0.8000000000000003,1.9000000000000004,3,1
476,Neighbour_1,Neighbour_2,3,3,0.7000000000000002,0.7000000000000002,1.1000000000000003,12,1
477,Neighbour_1,Neighbour_2,3,3,0.7000000000000002,0.7000000000000002,1.3000000000000003,9,1
478,Neighbour_1,Neighbour_2,3,3,0.7000000000000002,0.7000000000000002,1.5000000000000004,9,1
479,Neighbour_1,Neighbour_2,3,3,0.7000000000000002,0.7000000000000002,1.7000000000000004,9,1
480,Neighbour_1,Neighbour_2,3,3,0.7000000000000002,0.7000000000000002,1.9000000000000004,9,1
481,Neighbour_1,Neighbour_2,3,3,0.7000000000000002,0.8000000000000003,1.1000000000000003,12,1
482,Neighbour_1,Neighbour_2,3,3,0.7000000000000002,0.8000000000000003,1.3000000000000003,9,1
483,Neighbour_1,Neighbour_2,3,3,0.7000000000000002,0.8000000000000003,1.5000000000000004,9,1
484,Neighbour_1,Neighbour_2,3,3,0.7000000000000002,0.8000000000000003,1.7000000000000004,9,1
485,Neighbour_1,Neighbour_2,3,3,0.7000000000000002,0.8000000000000003,1.9000000000000004,9,1
486,Neighbour_1,Neighbour_2,3,3,0.8000000000000003,0.7000000000000002,1.1000000000000003,12,1
487,Neighbour_1,Neighbour_2,3,3,0.8000000000000003,0.7000000000000002,1.3000000000000003,9,1
488,Neighbour_1,Neighbour_2,3,3,0.8000000000000003,0.7000000000000002,1.5000000000000004,9,1
489,Neighbour_1,Neighbour_2,3,3,0.8000000000000003,0.7000000000000002,1.7000000000000004,9,1
490,Neighbour_1,Neighbour_2,3,3,0.8000000000000003,0.7000000000000002,1.9000000000000004,9,1
491,Neighbour_1,Neighbour_2,3,3,0.8000000000000003,0.8000000000000003,1.1000000000000003,9,1
492,Neighbour_1,Neighbour_2,3,3,0.8000000000000003,0.8000000000000003,1.3000000000000003,9,1
493,Neighbour_1,Neighbour_2,3,3,0.8000000000000003,0.8000000000000003,1.5000000000000004,9,1
494,Neighbour_1,Neighbour_2,3,3,0.8000000000000003,0.8000000000000003,1.7000000000000004,9,1
495,Neighbour_1,Neighbour_2,3,3,0.8000000000000003,0.8000000000000003,1.9000000000000004,9,1
496,Neighbour_1,Neighbour_2,3,5,0.7000000000000002,0.7000000000000002,1.3000000000000003,14,1
497,Neighbour_1,Neighbour_2,3,5,0.7000000000000002,0.7000000000000002,1.5000000000000004,14,1
498,Neighbour_1,Neighbour_2,3,5,0.7000000000000002,0.7000000000000002,1.7000000000000004,14,1
499,Neighbour_1,Neighbour_2,3,5,0.7000000000000002,0.7000000000000002,1.9000000000000004,14,1
500,Neighbour_1,Neighbour_2,3,5,0.7000000000000002,0.8000000000000003,1.1000000000000003,17,1
501,Neighbour_1,Neighbour_2,3,5,0.7000000000000002,0.8000000000000003,1.3000000000000003,14,1
502,Neighbour_1,Neighbour_2,3,5,0.7000000000000002,0.8000000000000003,1.5000000000000004,14,1
503,Neighbour_1,Neighbour_2,3,5,0.7000000000000002,0.8000000000000003,1.7000000000000004,14,1
504,Neighbour_1,Neighbour_2,3,5,0.7000000000000002,0.8000000000000003,1.9000000000000004,14,1
505,Neighbour_1,Neighbour_2,3,5,0.8000000000000003,0.7000000000000002,1.3000000000000003,15,1
506,Neighbour_1,Neighbour_2,3,5,0.8000000000000003,0.7000000000000002,1.5000000000000004,15,1
507,Neighbour_1,Neighbour_2,3,5,0.8000000000000003,0.7000000000000002,1.7000000000000004,15,1
508,Neighbour_1,Neighbour_2,3,5,0.8000000000000003,0.7000000000000002,1.9000000000000004,15,1
509,Neighbour_1,Neighbour_2,3,5,0.8000000000000003,0.8000000000000003,1.1000000000000003,18,1
510,Neighbour_1,Neighbour_2,3,5,0.8000000000000003,0.8000000000000003,1.3000000000000003,15,1
511,Neighbour_1,Neighbour_2,3,5,0.8000000000000003,0.8000000000000003,1.5000000000000004,15,1
512,Neighbour_1,Neighbour_2,3,5,0.8000000000000003,0.8000000000000003,1.7000000000000004,15,1
513,Neighbour_1,Neighbour_2,3,5,0.8000000000000003,0.8000000000000003,1.9000000000000004,15,1
514,Neighbour_1,Neighbour_2,3,7,0.7000000000000002,0.8000000000000003,1.3000000000000003,19,1
515,Neighbour_1,Neighbour_2,3,7,0.7000000000000002,0.8000000000000003,1.5000000000000004,19,1
516,Neighbour_1,Neighbour_2,3,7,0.7000000000000002,0.8000000000000003,1.7000000000000004,19,1
517,Neighbour_1,Neighbour_2,3,7,0.7000000000000002,0.8000000000000003,1.9000000000000004,19,1
518,Neighbour_1,Neighbour_2,3,7,0.8000000000000003,0.8000000000000003,1.3000000000000003,21,1
519,Neighbour_1,Neighbour_2,3,7,0.8000000000000003,0.8000000000000003,1.5000000000000004,21,1
520,Neighbour_1,Neighbour_2,3,7,0.8000000000000003,0.8000000000000003,1.7000000000000004,21,1
521,Neighbour_1,Neighbour_2,3,7,0.8000000000000003,0.8000000000000003,1.9000000000000004,21,1
522,Neighbour_1,Neighbour_2,5,1,0.7000000000000002,0.2,1.3000000000000003,5,1
523,Neighbour_1,Neighbour_2,5,1,0.7000000000000002,0.2,1.5000000000000004,5,1
524,Neighbour_1,Neighbour_2,5,1,0.7000000000000002,0.2,1.7000000000000004,5,1
525,Neighbour_1,Neighbour_2,5,1,0.7000000000000002,0.2,1.9000000000000004,5,1
526,Neighbour_1,Neighbour_2,5,1,0.7000000000000002,0.30000000000000004,1.3000000000000003,5,1
527,Neighbour_1,Neighbour_2,5,1,0.7000000000000002,0.30000000000000004,1.5000000000000004,5,1
528,Neighbour_1,Neighbour_2,5,1,0.7000000000000002,0.30000000000000004,1.7000000000000004,5,1
529,Neighbour_1,Neighbour_2,5,1,0.7000000000000002,0.30000000000000004,1.9000000000000004,5,1
530,Neighbour_1,Neighbour_2,5,1,0.7000000000000002,0.4000000000000001,1.3000000000000003,5,1
531,Neighbour_1,Neighbour_2,5,1,0.7000000000000002,0.4000000000000001,1.5000000000000004,5,1
532,Neighbour_1,Neighbour_2,5,1,0.7000000000000002,0.4000000000000001,1.7000000000000004,5,1
533,Neighbour_1,Neighbour_2,5,1,0.7000000000000002,0.4000000000000001,1.9000000000000004,5,1
534,Neighbour_1,Neighbour_2,5,1,0.7000000000000002,0.5000000000000001,1.3000000000000003,5,1
535,Neighbour_1,Neighbour_2,5,1,0.7000000000000002,0.5000000000000001,1.5000000000000004,5,1
536,Neighbour_1,Neighbour_2,5,1,0.7000000000000002,0.5000000000000001,1.7000000000000004,5,1
537,Neighbour_1,Neighbour_2,5,1,0.7000000000000002,0.5000000000000001,1.9000000000000004,5,1
538,Neighbour_1,Neighbour_2,5,1,0.7000000000000002,0.6000000000000001,1.3000000000000003,5,1
539,Neighbour_1,Neighbour_2,5,1,0.7000000000000002,0.6000000000000001,1.5000000000000004,5,1
540,Neighbour_1,Neighbour_2,5,1,0.7000000000000002,0.6000000000000001,1.7000000000000004,5,1
541,Neighbour_1,Neighbour_2,5,1,0.7000000000000002,0.6000000000000001,1.9000000000000004,5,1
542,Neighbour_1,Neighbour_2,5,1,0.7000000000000002,0.7000000000000002,1.3000000000000003,5,1
543,Neighbour_1,Neighbour_2,5,1,0.7000000000000002,0.7000000000000002,1.5000000000000004,5,1
544,Neighbour_1,Neighbour_2,5,1,0.7000000000000002,0.7000000000000002,1.7000000000000004,5,1
545,Neighbour_1,Neighbour_2,5,1,0.7000000000000002,0.7000000000000002,1.9000000000000004,5,1
546,Neighbour_1,Neighbour_2,5,1,0.7000000000000002,0.8000000000000003,1.3000000000000003,5,1
547,Neighbour_1,Neighbour_2,5,1,0.7000000000000002,0.8000000000000003,1.5000000000000004,5,1
548,Neighbour_1,Neighbour_2,5,1,0.7000000000000002,0.8000000000000003,1.7000000000000004,5,1
549,Neighbour_1,Neighbour_2,5,1,0.7000000000000002,0.8000000000000003,1.9000000000000004,5,1
550,Neighbour_1,Neighbour_2,5,1,0.8000000000000003,0.2,1.1000000000000003,6,1
551,Neighbour_1,Neighbour_2,5,1,0.8000000000000003,0.2,1.3000000000000003,5,1
552,Neighbour_1,Neighbour_2,5,1,0.8000000000000003,0.2,1.5000000000000004,5,1
553,Neighbour_1,Neighbour_2,5,1,0.8000000000000003,0.2,1.7000000000000004,5,1
554,Neighbour_1,Neighbour_2,5,1,0.8000000000000003,0.2,1.9000000000000004,5,1
555,Neighbour_1,Neighbour_2,5,1,0.8000000000000003,0.30000000000000004,1.1000000000000003,6,1
556,Neighbour_1,Neighbour_2,5,1,0.8000000000000003,0.30000000000000004,1.3000000000000003,5,1
557,Neighbour_1,Neighbour_2,5,1,0.8000000000000003,0.30000000000000004,1.5000000000000004,5,1
558,Neighbour_1,Neighbour_2,5,1,0.8000000000000003,0.30000000000000004,1.7000000000000004,5,1
559,Neighbour_1,Neighbour_2,5,1,0.8000000000000003,0.30000000000000004,1.9000000000000004,5,1
560,Neighbour_1,Neighbour_2,5,1,0.8000000000000003,0.4000000000000001,1.1000000000000003,6,1
561,Neighbour_1,Neighbour_2,5,1,0.8000000000000003,0.4000000000000001,1.3000000000000003,5,1
562,Neighbour_1,Neighbour_2,5,1,0.8000000000000003,0.4000000000000001,1.5000000000000004,5,1
563,Neighbour_1,Neighbour_2,5,1,0.8000000000000003,0.4000000000000001,1.7000000000000004,5,1
564,Neighbour_1,Neighbour_2,5,1,0.8000000000000003,0.4000000000000001,1.9000000000000004,5,1
565,Neighbour_1,Neighbour_2,5,1,0.8000000000000003,0.5000000000000001,1.1000000000000003,6,1
566,Neighbour_1,Neighbour_2,5,1,0.8000000000000003,0.5000000000000001,1.3000000000000003,5,1
567,Neighbour_1,Neighbour_2,5,1,0.8000000000000003,0.5000000000000001,1.5000000000000004,5,1
568,Neighbour_1,Neighbour_2,5,1,0.8000000000000003,0.5000000000000001,1.7000000000000004,5,1
569,Neighbour_1,Neighbour_2,5,1,0.8000000000000003,0.5000000000000001,1.9000000000000004,5,1
570,Neighbour_1,Neighbour_2,5,1,0.8000000000000003,0.6000000000000001,1.1000000000000003,6,1
571,Neighbour_1,Neighbour_2,5,1,0.8000000000000003,0.6000000000000001,1.3000000000000003,5,1
572,Neighbour_1,Neighbour_2,5,1,0.8000000000000003,0.6000000000000001,1.5000000000000004,5,1
573,Neighbour_1,Neighbour_2,5,1,0.8000000000000003,0.6000000000000001,1.7000000000000004,5,1
574,Neighbour_1,Neighbour_2,5,1,0.8000000000000003,0.6000000000000001,1.9000000000000004,5,1
575,Neighbour_1,Neighbour_2,5,1,0.8000000000000003,0.7000000000000002,1.1000000000000003,6,1
576,Neighbour_1,Neighbour_2,5,1,0.8000000000000003,0.7000000000000002,1.3000000000000003,5,1
577,Neighbour_1,Neighbour_2,5,1,0.8000000000000003,0.7000000000000002,1.5000000000000004,5,1
578,Neighbour_1,Neighbour_2,5,1,0.8000000000000003,0.7000000000000002,1.7000000000000004,5,1
579,Neighbour_1,Neighbour_2,5,1,0.8000000000000003,0.7000000000000002,1.9000000000000004,5,1
580,Neighbour_1,Neighbour_2,5,1,0.8000000000000003,0.8000000000000003,1.1000000000000003,6,1
581,Neighbour_1,Neighbour_2,5,1,0.8000000000000003,0.8000000000000003,1.3000000000000003,5,1
582,Neighbour_1,Neighbour_2,5,1,0.8000000000000003,0.8000000000000003,1.5000000000000004,5,1
583,Neighbour_1,Neighbour_2,5,1,0.8000000000000003,0.8000000000000003,1.7000000000000004,5,1
584,Neighbour_1,Neighbour_2,5,1,0.8000000000000003,0.8000000000000003,1.9000000000000004,5,1
585,Neighbour_1,Neighbour_2,5,3,0.7000000000000002,0.7000000000000002,1.3000000000000003,14,1
586,Neighbour_1,Neighbour_2,5,3,0.7000000000000002,0.7000000000000002,1.5000000000000004,14,1
587,Neighbour_1,Neighbour_2,5,3,0.7000000000000002,0.7000000000000002,1.7000000000000004,14,1
588,Neighbour_1,Neighbour_2,5,3,0.7000000000000002,0.7000000000000002,1.9000000000000004,14,1
589,Neighbour_1,Neighbour_2,5,3,0.7000000000000002,0.8000000000000003,1.3000000000000003,15,1
590,Neighbour_1,Neighbour_2,5,3,0.7000000000000002,0.8000000000000003,1.5000000000000004,15,1
591,Neighbour_1,Neighbour_2,5,3,0.7000000000000002,0.8000000000000003,1.7000000000000004,15,1
592,Neighbour_1,Neighbour_2,5,3,0.7000000000000002,0.8000000000000003,1.9000000000000004,15,1
593,Neighbour_1,Neighbour_2,5,3,0.8000000000000003,0.7000000000000002,1.1000000000000003,17,1
594,Neighbour_1,Neighbour_2,5,3,0.8000000000000003,0.7000000000000002,1.3000000000000003,14,1
595,Neighbour_1,Neighbour_2,5,3,0.8000000000000003,0.7000000000000002,1.5000000000000004,14,1
596,Neighbour_1,Neighbour_2,5,3,0.8000000000000003,0.7000000000000002,1.7000000000000004,14,1
597,Neighbour_1,Neighbour_2,5,3,0.8000000000000003,0.7000000000000002,1.9000000000000004,14,1
598,Neighbour_1,Neighbour_2,5,3,0.8000000000000003,0.8000000000000003,1.1000000000000003,18,1
599,Neighbour_1,Neighbour_2,5,3,0.8000000000000003,0.8000000000000003,1.3000000000000003,15,1
600,Neighbour_1,Neighbour_2,5,3,0.8000000000000003,0.8000000000000003,1.5000000000000004,15,1
601,Neighbour_1,Neighbour_2,5,3,0.8000000000000003,0.8000000000000003,1.7000000000000004,15,1
602,Neighbour_1,Neighbour_2,5,3,0.8000000000000003,0.8000000000000003,1.9000000000000004,15,1
603,Neighbour_1,Neighbour_2,5,5,0.7000000000000002,0.7000000000000002,1.3000000000000003,19,1
604,Neighbour_1,Neighbour_2,5,5,0.7000000000000002,0.7000000000000002,1.5000000000000004,19,1
605,Neighbour_1,Neighbour_2,5,5,0.7000000000000002,0.7000000000000002,1.7000000000000004,19,1
606,Neighbour_1,Neighbour_2,5,5,0.7000000000000002,0.7000000000000002,1.9000000000000004,19,1
607,Neighbour_1,Neighbour_2,5,5,0.7000000000000002,0.8000000000000003,1.3000000000000003,20,1
608,Neighbour_1,Neighbour_2,5,5,0.7000000000000002,0.8000000000000003,1.5000000000000004,20,1
609,Neighbour_1,Neighbour_2,5,5,0.7000000000000002,0.8000000000000003,1.7000000000000004,20,1
610,Neighbour_1,Neighbour_2,5,5,0.7000000000000002,0.8000000000000003,1.9000000000000004,20,1
611,Neighbour_1,Neighbour_2,5,5,0.8000000000000003,0.7000000000000002,1.3000000000000003,20,1
612,Neighbour_1,Neighbour_2,5,5,0.8000000000000003,0.7000000000000002,1.5000000000000004,20,1
613,Neighbour_1,Neighbour_2,5,5,0.8000000000000003,0.7000000000000002,1.7000000000000004,20,1
614,Neighbour_1,Neighbour_2,5,5,0.8000000000000003,0.7000000000000002,1.9000000000000004,20,1
615,Neighbour_1,Neighbour_2,5,5,0.8000000000000003,0.8000000000000003,1.1000000000000003,24,1
616,Neighbour_1,Neighbour_2,5,5,0.8000000000000003,0.8000000000000003,1.3000000000000003,21,1
617,Neighbour_1,Neighbour_2,5,5,0.8000000000000003,0.8000000000000003,1.5000000000000004,21,1
618,Neighbour_1,Neighbour_2,5,5,0.8000000000000003,0.8000000000000003,1.7000000000000004,21,1
619,Neighbour_1,Neighbour_2,5,5,0.8000000000000003,0.8000000000000003,1.9000000000000004,21,1
620,Neighbour_1,Neighbour_2,5,7,0.7000000000000002,0.8000000000000003,1.3000000000000003,25,1
621,Neighbour_1,Neighbour_2,5,7,0.7000000000000002,0.8000000000000003,1.5000000000000004,25,1
622,Neighbour_1,Neighbour_2,5,7,0.7000000000000002,0.8000000000000003,1.7000000000000004,25,1
623,Neighbour_1,Neighbour_2,5,7,0.7000000000000002,0.8000000000000003,1.9000000000000004,25,1
624,Neighbour_1,Neighbour_2,5,7,0.8000000000000003,0.8000000000000003,1.3000000000000003,27,1
625,Neighbour_1,Neighbour_2,5,7,0.8000000000000003,0.8000000000000003,1.5000000000000004,27,1
626,Neighbour_1,Neighbour_2,5,7,0.8000000000000003,0.8000000000000003,1.7000000000000004,27,1
627,Neighbour_1,Neighbour_2,5,7,0.8000000000000003,0.8000000000000003,1.9000000000000004,27,1
628,Neighbour_1,Neighbour_2,7,1,0.8000000000000003,0.2,1.3000000000000003,7,1
629,Neighbour_1,Neighbour_2,7,1,0.8000000000000003,0.2,1.5000000000000004,7,1
630,Neighbour_1,Neighbour_2,7,1,0.8000000000000003,0.2,1.7000000000000004,7,1
631,Neighbour_1,Neighbour_2,7,1,0.8000000000000003,0.2,1.9000000000000004,7,1
632,Neighbour_1,Neighbour_2,7,1,0.8000000000000003,0.30000000000000004,1.3000000000000003,7,1
633,Neighbour_1,Neighbour_2,7,1,0.8000000000000003,0.30000000000000004,1.5000000000000004,7,1
634,Neighbour_1,Neighbour_2,7,1,0.8000000000000003,0.30000000000000004,1.7000000000000004,7,1
635,Neighbour_1,Neighbour_2,7,1,0.8000000000000003,0.30000000000000004,1.9000000000000004,7,1
636,Neighbour_1,Neighbour_2,7,1,0.8000000000000003,0.4000000000000001,1.3000000000000003,7,1
637,Neighbour_1,Neighbour_2,7,1,0.8000000000000003,0.4000000000000001,1.5000000000000004,7,1
638,Neighbour_1,Neighbour_2,7,1,0.8000000000000003,0.4000000000000001,1.7000000000000004,7,1
639,Neighbour_1,Neighbour_2,7,1,0.8000000000000003,0.4000000000000001,1.9000000000000004,7,1
640,Neighbour_1,Neighbour_2,7,1,0.8000000000000003,0.5000000000000001,1.3000000000000003,7,1
641,Neighbour_1,Neighbour_2,7,1,0.8000000000000003,0.5000000000000001,1.5000000000000004,7,1
642,Neighbour_1,Neighbour_2,7,1,0.8000000000000003,0.5000000000000001,1.7000000000000004,7,1
643,Neighbour_1,Neighbour_2,7,1,0.8000000000000003,0.5000000000000001,1.9000000000000004,7,1
644,Neighbour_1,Neighbour_2,7,1,0.8000000000000003,0.6000000000000001,1.3000000000000003,7,1
645,Neighbour_1,Neighbour_2,7,1,0.8000000000000003,0.6000000000000001,1.5000000000000004,7,1
646,Neighbour_1,Neighbour_2,7,1,0.8000000000000003,0.6000000000000001,1.7000000000000004,7,1
647,Neighbour_1,Neighbour_2,7,1,0.8000000000000003,0.6000000000000001,1.9000000000000004,7,1
648,Neighbour_1,Neighbour_2,7,1,0.8000000000000003,0.7000000000000002,1.3000000000000003,7,1
649,Neighbour_1,Neighbour_2,7,1,0.8000000000000003,0.7000000000000002,1.5000000000000004,7,1
650,Neighbour_1,Neighbour_2,7,1,0.8000000000000003,0.7000000000000002,1.7000000000000004,7,1
651,Neighbour_1,Neighbour_2,7,1,0.8000000000000003,0.7000000000000002,1.9000000000000004,7,1
652,Neighbour_1,Neighbour_2,7,1,0.8000000000000003,0.8000000000000003,1.3000000000000003,7,1
653,Neighbour_1,Neighbour_2,7,1,0.8000000000000003,0.8000000000000003,1.5000000000000004,7,1
654,Neighbour_1,Neighbour_2,7,1,0.8000000000000003,0.8000000000000003,1.7000000000000004,7,1
655,Neighbour_1,Neighbour_2,7,1,0.8000000000000003,0.8000000000000003,1.9000000000000004,7,1
656,Neighbour_1,Neighbour_2,7,3,0.8000000000000003,0.7000000000000002,1.3000000000000003,19,1
657,Neighbour_1,Neighbour_2,7,3,0.8000000000000003,0.7000000000000002,1.5000000000000004,19,1
658,Neighbour_1,Neighbour_2,7,3,0.8000000000000003,0.7000000000000002,1.7000000000000004,19,1
659,Neighbour_1,Neighbour_2,7,3,0.8000000000000003,0.7000000000000002,1.9000000000000004,19,1
660,Neighbour_1,Neighbour_2,7,3,0.8000000000000003,0.8000000000000003,1.3000000000000003,21,1
661,Neighbour_1,Neighbour_2,7,3,0.8000000000000003,0.8000000000000003,1.5000000000000004,21,1
662,Neighbour_1,Neighbour_2,7,3,0.8000000000000003,0.8000000000000003,1.7000000000000004,21,1
663,Neighbour_1,Neighbour_2,7,3,0.8000000000000003,0.8000000000000003,1.9000000000000004,21,1
664,Neighbour_1,Neighbour_2,7,5,0.8000000000000003,0.7000000000000002,1.3000000000000003,25,1
665,Neighbour_1,Neighbour_2,7,5,0.8000000000000003,0.7000000000000002,1.5000000000000004,25,1
666,Neighbour_1,Neighbour_2,7,5,0.8000000000000003,0.7000000000000002,1.7000000000000004,25,1
667,Neighbour_1,Neighbour_2,7,5,0.8000000000000003,0.7000000000000002,1.9000000000000004,25,1
668,Neighbour_1,Neighbour_2,7,5,0.8000000000000003,0.8000000000000003,1.3000000000000003,27,1
669,Neighbour_1,Neighbour_2,7,5,0.8000000000000003,0.8000000000000003,1.5000000000000004,27,1
670,Neighbour_1,Neighbour_2,7,5,0.8000000000000003,0.8000000000000003,1.7000000000000004,27,1
671,Neighbour_1,Neighbour_2,7,5,0.8000000000000003,0.8000000000000003,1.9000000000000004,27,1
672,Neighbour_1,Neighbour_2,7,7,0.8000000000000003,0.8000000000000003,1.3000000000000003,33,1
673,Neighbour_1,Neighbour_2,7,7,0.8000000000000003,0.8000000000000003,1.5000000000000004,33,1
674,Neighbour_1,Neighbour_2,7,7,0.8000000000000003,0.8000000000000003,1.7000000000000004,33,1
675,Neighbour_1,Neighbour_2,7,7,0.8000000000000003,0.8000000000000003,1.9000000000000004,33,1
